"Id","External_Id__c","Crew_Type__c","Roof_Type__c","Panels_Per_Day__c"
"a02Aw00000HvvAAIAZ","CAP-ROOF-TILE","Roof","Tile","18"
"a02Aw00000HvvABIAZ","CAP-ROOF-SLATE","Roof","Slate","14"
"a02Aw00000HvvACIAZ","CAP-ROOF-FLAT","Roof","Flat","26"
"a02Aw00000HvvADIAZ","CAP-ROOF-METAL","Roof","Metal","22"
"a02Aw00000HvvAEIAZ","CAP-GROUND-TILE","Ground","Tile","14"
"a02Aw00000HvvAFIAZ","CAP-GROUND-SLATE","Ground","Slate","10"
"a02Aw00000HvvAGIAZ","CAP-GROUND-FLAT","Ground","Flat","22"
"a02Aw00000HvvAHIAZ","CAP-GROUND-METAL","Ground","Metal","18"
"a02Aw00000HvvAIIAZ","CAP-ELECTRICAL-TILE","Electrical","Tile","14"
"a02Aw00000HvvAJIAZ","CAP-ELECTRICAL-SLATE","Electrical","Slate","10"
"a02Aw00000HvvAKIAZ","CAP-ELECTRICAL-FLAT","Electrical","Flat","22"
"a02Aw00000HvvALIAZ","CAP-ELECTRICAL-METAL","Electrical","Metal","18"
